NFos,Minimum age,Node calibrated,Fossil taxon,Author,Full taxon name,Affinities (group),Affinities,Order (of clade calibrated),Family (of clade calibrated),Notes on affinities,Reference,Lower limit of oldest stratigraphic age,Upper limit of oldest stratigraphic age,Stratigraphic age,Absolute age,Reference time scale,Notes on age,Country,Type locality,Formation,Organs,Specimen (Holotype),Collection
1,23.03, Incertae sedis,Cuyenopteris patagoniensis,,Cuyenopteris patagoniensis ,,Incertae sedis,Incertae sedis,Incertae sedis,"The anatomy of the specimens suggest affinities with the Blechnaceae (sensu Kramer et al., 1990a) and the Dryopteridaceae (sensu Kramer et al., 1990b)",@Vera-2010,27.82,23.03,Late Oligocene (Chattian),,ICS (v2017/02),,Patagonia,"8 km from Aluminé City, Neuquen Province",Rancahue Fm.,"Stems, frond bases, adventitious roots, crozier fragments",MCF-PBPH 205 (microscope slide MCF-PBPH 205-A),"Museo Argentino de Ciencias Naturales “Bernardino R. Rivadavia”, División Paleobotánica"
2,251.9, Incertae sedis,Grammatopteris_freitasii,,Grammatopteris_freitasii ,,Incertae sedis,Incertae sedis,Incertae sedis,,@Robler_Galtier-2002,298.9,251.9,Permian,,ICS (v2017/02),"Bomfleur_etal-2016 also supports incertae sedis, as there is insufficient evidence to assign the fossil to Osmundales",Brazil,"Natural outcrops between Araguai- na and Filadel¢a in the Maranha‹o Basin, State of Tocantins, NE Brazil",Pedra de Fogo Formation,,Holotype: Specimen MfNC K 4899,"Museum fu«r Naturkunde Chem- nitz, Germany"
3,272.95, Incertae sedis,Grammatopteris_baldaufii,,Grammatopteris_baldaufii ,,Incertae sedis,Incertae sedis,Incertae sedis,,@Robler_Galtier-2002,298.9,272.95,Lower Permian Rotieglend (Guadalupian-Cisuralian),,ICS (v2017/02),"Bomfleur_etal-2016 also supports incertae sedis, as there is insufficient evidence to assign the fossil to Osmundales",Brazil,"Chemnitz-Hilbersdorf, Germany",Pedra de Fogo Formation,,Specimen BAF 171/1,"Freiberg University of Mining and Technology, Geological Institute, Freiberg, Germany"
4,7.246,crown Aglaomorpha,Aglaomorpha_heraclea,,Aglaomorpha_heraclea ,crown,Aglaomorpha,Polypodiales,Polypodiaceae,"VanUffelen-1991 is not the original; ORIGINAL NOT FOUND: KRAUSEL,R. 1932. Fossile Pflanzen aus dem TertiSr von Siid-Sumatra. Verh. Geol. Mijnbouwk. GenootschapNed. en Kol. Geol. Serie 9: 5-7. Roos, M.C. 1986. Phylogeneticsystematics of the Drynarioidae(Polypodiaceae).Verh. Kon. Ned. Akad. Wetensch. Natuurk. Ser. 2, Vol. 85, Amsterdam. ",@VanUffelen-1991,11.63,7.246,Upper Miocene (Messinian-Tortonian),,ICS (v2017/02),VanUffelen-1991 mentions an assignment to Drynaria and to Aglaomorpha heraclea; conservative assignment to crown Aglaomorpha,Sumatra,Palembang Province,,,,
5,132.9,crown Anemia,Anemia quatsinoensis,"Hernandez-Castillo, Stockey et Rothwell","Anemia quatsinoensis Hernandez-Castillo, Stockey et Rothwell",crown,Anemia,Schizaeales,Anemiaceae,This fertile material most closely resembles Anemia subgenus Anemiorrhiza (Schizaeaceae),@HernandezCastillo_etal-2006,139.8,132.9,Lower Cretaceous (Valanginian-Hauterivian boundary),,ICS (v2017/02),,North America,"Apple Bay locality, Quatsino Sound, northern Van- couver Island, British Columbia",Longarm Fm.,"Fertile pinnule, sporangia, spores","P 13424 I bot, UAPC-ALTA",University of Alberta Paleobotanical Collections (UAPC-ALTA)
6,113,crown Anemia,Ruffordia goeppertii,,Ruffordia goeppertii ,crown,Anemia,Schizaeales,Anemiaceae,,@Mohr et al. 2015,125,113,Lower Cretaceous (late Aptian),,ICS (v2017/02),"Older age reported by Testo & Sundue (2016), probably in line with that of Anemia_quatsinoensis",Brazil,"region between Nova Olinda and Santana do Cariri (CE), Araripe Basin, northeast Brazil",Crato Fm.,,,
7,37.8,crown Athyriaceae,Makotopteris princetonensis,"Stockey, Nishida et Rothwell","Makotopteris princetonensis Stockey, Nishida et Rothwell",crown,Athyriaceae,Polypodiales,Athyriaceae,,@Stockey_etal-1999,47.8,37.8,Middle Eocene,,ICS (v2017/02),The Princeton Group has been dated as middle Eocene based on studies of freshwater fishes and mammals and by K-Ar dates,North America,"East bank of the Similkameen River, ca. 8.4 km south of Princeton, British Columbia","Princeton Group, Allenby Fm.","Rhizomes, fertile foliage, sporangia, spores",P1411,University of Alberta Paleobotanical Collections (UAPC-ALTA)
8,37.8,crown Blechnaceae,Trawetsia princetonensis,"Smith, Stockey, Nishida et Rothwell","Trawetsia princetonensis Smith, Stockey, Nishida et Rothwell",crown,Blechnaceae,Polypodiales,Blechnaceae,,@Smith_etal-2006,47.8,37.8,Middle Eocene,,ICS (v2017/02),"A Middle Eocene age has been determined based on data from freshwater fish, mammals and K-Ar dating.",Canada,"east bank of the Similkameen River, 8.4 km south of the town of Princeton, British Columbia, Canada",Princeton Chert,"Rhizomes, petioles, sterile foliage","Holotype. P1247 A, B3, B4, B5, C.",
9,33.9,crown Cibotiaceae,Cibotium oregonense,Barrington,Cibotium oregonense Barrington,crown,Cibotiaceae,Cyatheales,Cibotiaceae,"A placement within the Cibotiaceae is suggested. According to @Stockey_Rothwell-2004, the fossil nests aligns with extant Cibotiaceae and Metaxyaceae. @Lantz_etal-1999 place it separate to living Cibotium barometz, in a clade including Metaxya rostrata.",@Barrington-1983,37.8,33.9,Upper Eocene (?),,ICS (v2017/02),Terrestrial sedimentary rocks in the region of Medford are all Upper Eocene.,North America,"Unknown, Medford, Oregon",Uncertain,Stem and petioles,60674,"Paleobotanical Collections of the Botanical Museum, Harvard University"
10,13.82,crown Culcitaceae,Culcita emberi,"Pinson, Manchester et Sessa","Culcita emberi Pinson, Manchester et Sessa",crown,Culcitaceae,Cyatheales,Culcitaceae,"The oblique, complete annulus surely puts it within the Cyatheales.",@Pinson_etal-2018,15.97,13.82,Middle Miocene,,ICS (v2017/02),,North America,Clarkia Beds,Emerald Creek locality (Univerdity of Idaho P-37),"Fertile foliage, sporangia, spores",UF 18630-61360 (holotype),"Paleobotanical Collection of the Florida Museum of Natural History, University of Florida"
11,33.9,stem Dryopteris,Dryopteris guyottii,(Lesquereux) MacGinitie,Dryopteris guyottii (Lesquereux) MacGinitie,stem,Dryopteris,Polypodiales,Dryopteridaceae,Affinities with Dryopteris cristata and D. floridana,@MacGinitie-1953,37.8,33.9,Priabonian,,ICS (v2017/02),Radioisotopic age of 34.07–36.7 M (40Ar/39Ar radiometry),United States,"Florissant and Florissant Fossil Beds National Monument, Colorado",Florissant Fm.,Fertile foliage,"Syntypes: 1613, 1614",US National Museum
12,5.333,crown Cyathea,Cnemidaria_sp,,Cnemidaria_sp ,crown,Cyathea,Cyatheales,Cyatheaceae,Charcateristic Cnemidaria-type spore morphology. ,@Graham_et al-2001,23.3,5.333,Miocene-Pliocene,,ICS (v2017/02),,"Eastern Cordillera, Bolivia",Pislepampa locality of E.W. Berry,Pislepampa flora,Spores,"ESF P-46, 1–3",palynological collections at Kent State University
13,2.5,crown Cyathea,Cyathea_colombiensis,,Cyathea_colombiensis ,crown,Cyathea,Cyatheales,Cyatheaceae,"Affinities with Cyatheaceae, particularly with the Cyathea and Alsophila, but given classification it is not sensible to place within these particular genera as currently circumscribed.",@Pons-1965,5.33,2.5,Tertiary (Pliocene),,ICS (v2017/02),Age was based on dePorta-1965,Colombia,Not provided,"Palmas Member, Mesa Fm.",Fertile foliage,Coll. Boureau 3795,
14,0.01,crown Cyathea,Cyathea_divertens,,Cyathea_divertens ,crown,Cyathea,Cyatheales,Cyatheaceae,,@,2.6,0.01,Pleistocene,,ICS (v2017/02),,,,,,,
15,2.5,crown Cyathea,Cyathea_juliverti,,Cyathea_juliverti ,crown,Cyathea,Cyatheales,Cyatheaceae,"Affinities with Cyatheaceae, particularly with the Cyathea and Alsophila, but given classification it is not sensible to place within these particular genera as currently circumscribed.",@Pons-1965,5.33,2.5,Tertiary (Pliocene),,ICS (v2017/02),Age was based on dePorta-1965,Colombia,Not provided,Palmas de la Mesa Fm.,Fertile foliage,"Coll. Boureau 3787, 3791, 3864, 3885, 3790",
16,27.82,crown Cyathea,Cyathea sp. indet.,Graham et Jarzen,Cyathea sp. indet. Graham et Jarzen,crown,Cyathea,Cyatheales,Cyatheaceae,"Affinities with Cyathea, based on the age and distribution the fossil is considered member of crown Cyathea",@Graham_Jarzen-1969,33.9,27.82,Middle Oligocene (Rupelian),,ICS (v2017/02),Stratigraphic correlations place the formation in the middle Oligocene,Puerto Rico,Localities B and C (Lares and Collazo Quebrada),San Sebastian Formation,Spores,"C-43,15; ESF B-4","Palynology Laboratory, Kent State University"
17,5.333,crown Cyathea,Cyathea_type1,,Cyathea_type1,crown,Cyathea,Cyatheales,Cyatheaceae,The morphology shows resemblance also the Alsophila.,@Graham_et al-2001,23.3,5.333,Miocene-Pliocene,,ICS (v2017/02),,"Eastern Cordillera, Bolivia",Pislepampa locality of E.W. Berry,Pislepampa flora,Spores,"ESF E-42, 2",palynological collections at Kent State University
18,5.333,crown Cyathea,Cyathea_type2,,Cyathea_type2,crown,Cyathea,Cyatheales,Cyatheaceae,The distinctive morphology of the spore closely resembles that observed for neotropical Sphaeropteris by Gastony and Tryon (1976) — which all belong in Cyathea and are distinct from the S. horrida group.,@Graham_et al-2001,23.3,5.333,Miocene-Pliocene,,ICS (v2017/02),,"Eastern Cordillera, Bolivia",Pislepampa locality of E.W. Berry,Pislepampa flora,Spores,ESF E-34,palynological collections at Kent State University
19,27.82,stem Cyathea,Hemitelia_sp_Graham,,Hemitelia_sp_Graham ,stem,Cyathea,Cyatheales,Cyatheaceae,Charcateristic Cnemidaria-type spore morphology; based on the age and distribution the fossil is considered member of crown Cyathea,@Graham_Jarzen-1979,33.9,27.82,Lower Oligocene,,ICS (v2017/02),,Puerto Rico,Locality C (Collazo Quebrada), San Sebastian Formation,Spores,"C-48,1; ESF 0-31,1","Palynology Laboratory, Kent State University"
20,7.246,crown Cyathea,Sphaeropteris/Trichipteris_Graham,,Sphaeropteris/Trichipteris_Graham ,crown,Cyathea,Cyatheales,Cyatheaceae,Most similarity with Sphaeropteris myosuroides and Trichipteris mexicana. The two are synonyms of New World Cyathea.,@Graham (1979),11.63,7.246,Upper Miocene (Messinian-Tortonian),,ICS (v2017/02),,Mexico,Coatzacoalcos,Paraje Solo Fm.,Spores,"Slide 10-1, England Slide finder coordinates C-45",
21,168.3,crown Cyatheaceae+Dicksoniaceae+Cibotiaceae+Metaxyaceae,Dicksonia mariopteris,Wilson et Yates,Dicksonia mariopteris Wilson et Yates,crown,Cyatheaceae+Dicksoniaceae+Cibotiaceae+Metaxyaceae,Cyatheales,,"The author assigned these fossils to the Dicksoniae (incl. Cibotium, Culcita subgenus Calochlaena, Cystodium, Dicksonia). Thus the assignment to the Dicksoniaceae is not justified. Hence, we conservatively treat the fossil as member of the core tree ferns.",@vanKonijnenburg-1989,170.3,168.3,Bajocian,,ICS (v2017/02),,UK,"Roseberry Topping, Hasty Bank",Saltwick Fm.,Spores,"v.32252 $1 (type specimen), v.32252, v.56792, v.60980A",British Museum (Natural History)
22,20.44,crown Davallia,Davallia walkeri ,"Conran, U.Kaulfuss, Bannister, Mildehall et D.E.Lee","Davallia walkeri  Conran, U.Kaulfuss, Bannister, Mildehall et D.E.Lee",crown,Davallia,Polypodiales,Davalliaceae,"The new fossil is placed in the genus Davallia, due to the presence of at least 3–pinnate fronds with free veins; sub-terminal sori on veinlets with an abaxial extension of the ultimate veinlet along the indusium; elongate indusia attached by the base and sides; stalked sporangia; and annuli straight to curved, interrupted. The spores are ±oblong-reniform, bilateral, with a perispore and numerous, low, rounded verrucae, spreading ±radially from the laesura.",@Conran_etal-2010,23.03,20.44,Early Miocene (Burdigalian-Aquitanian),,ICS (v2017/02),,New Zealand,locality is registered as I43/f8503 in the New Zealand Fossil Record File administered by the Geological Society of New Zealand and GNS Science,middle Foulden Maar Diatomite,"Fertile fronds, sporangia, spores","Kaulfuss s.n. OU32768","Geology Museum (OU), University of Otago, Dunedin, New Zealand"
23,41.2,crown Dicksonia,Dicksonia sp. indet.,Bertoli-Cunha et Dutra,Dicksonia sp. indet. Bertoli-Cunha et Dutra,crown,Dicksonia,Cyatheales,Dicksoniaceae,"The frond morphology and marginal sori points to affinities with the Dicksoniaceae, specially Dicksonia",@BertoliCunha_etal-2008,47.8,41.2,Middle Eocene (Lutetian),,ICS (v2017/02),Radiometric dating suggests an age of 44-47 mya,Antartica,"Monte Wawel, King George Island",Vieville Glacier Fm.,Fertile pinnule,ANTF 26-014,Museu de Paleontologia da UNISINOS
24,7.246,crown Drynaria,Drynaria_cf._propinqua,,Drynaria_cf._propinqua ,crown,Drynaria,Polypodiales,Polypodiaceae,"Leaf morphology aligns this species to living species of Drynaria, more specifically with D. propinqua",@Liping_etal-2017,11.63,7.246,Late Miocene (Messinian-Tortonian),,ICS (v2017/02),,China,"Bangmai Village, Lincang, Yunnan",Bangmai Fm.,Fertile and sterile foliage,LDGSW20151671,
25,66,crown Dicksonia+Calochlaena,Dicksonia_bulbacea,,Dicksonia_bulbacea ,crown,Dicksonia+Calochlaena,Cyatheales,Dicksoniaceae,Compared to Dicksonia arborescense. Based on the morphology of the exile it compares to either Dicksonia or Calochlaena — figures in Gastony_1981 under Culcita.,@Bolchotinova_1959,100.5,66,Upper Cretaceous,,ICS (v2017/02),,Russia,"Yakutia, Tyung",Lindel Fm,Spores,ГИН АН СССР No. 3530/405,"Mining-Geolical Institute of Western Siberia, Academy os Sciences, USSR (?)"
26,145,crown Equisetum,Equisetum_thermale,,Equisetum_thermale ,crown,Equisetum,Equisetales,Equisetaceae,Based on @Christenhusz_etal-2021,@Channing_etal-2011,166.1,145,Middle to Upper Jurassic (Callovian to Tithonian),,ICS (v2017/02),Combination of characters of subgenera,Patagonia,"San Agustín Farm, Santa Cruz province, Argentina",Bahía Laura Group,"Stems, foliar sheaths, roots, rhizome, branches, apices, strobili",MPM-PB 2029,"Museo Padre Jesús Molina, Río Gallegos City, Santa Cruz Province."
27,56,crown Equisetum subgen. Equisetum,Equisetum cf. oppositum ,"Ma, Su et Zhang","Equisetum cf. oppositum  Ma, Su et Zhang",crown,Equisetum subgen. Equisetum,Equisetales,Equisetaceae,"Assigned to subgenus Equisetum based on the morphological similarity, and absence of tubers in subgenus Hippochaete",@Yang_etal-2016,66,56,Paleocene-Eocene,,ICS (v2017/02),"Combined with plant compres- sions, charophytes, ostracodes, and palynological fossils from the Niubao Formation and overlying Dingqinghu Formation indicate that the age of measured section is the Paleocene-Eocene",China,"Nima County, the Tibet Autonomous Region, southwestern China ",Niubao Fm,"Rhizomes, tubers",XZNM-2013LDGSW-EN-01; XZNM-2013DGSW-EN-02,"School of Earth Science, Lanzhou University"
28,41.2,crown Equisetum subgen. Hippochaete,Equisetum clarnoi,Brown,Equisetum clarnoi Brown,crown,Equisetum subgen. Hippochaete,Equisetales,Equisetaceae,@Christenhusz_etal-2021 assigns this fossil to subgen Hippochaete; agreement with @Elgorriaga_etal-2018,@Brown-1975,47.8,41.2,Middle Eocene (Lutetian),,ICS (v2017/02),,North America,"NW'/4, Sec. 27, T9S, R18E; 91'/ miles E, 1 mile N of Ashwood, Jefferson Co., Oregon",Clarno Chert,Stem and roots,PB #292,University of Montana Paleontological Collectio
29,163.5,crown Equisetaceae,Equisetites minimus,"Falaschi, Zamuner et Foix","Equisetites minimus Falaschi, Zamuner et Foix",crown,Equisetaceae,Equisetales,Equisetaceae,"@Christenhusz_etal-2021 assigns this fossil to subgen Paramochaete, but the analyses of @Elgorriaga_etal-2018 place two other species of Equisetites (and other fossils) as crown Equisetum (stem of subgen Equisetum + subgen Hippochaete)",@Falaschi_etal-2009,174.1,163.5,Middle Jurassic,,ICS (v2017/02),,Patagonia,"Monumento Natural Bosques Petrificados, provincia de Santa Cruz, Argentina",La Matilde Fm,"Stems, leaves, strobili",LPPB 13678,División Paleobotánica del Museo de Ciencias Na- turales de La Plata
30,59.2,crown Lygodiaceae,Lygodium sanshuiense,"Naugolnykh, Tu, Liu et Jin","Lygodium sanshuiense Naugolnykh, Tu, Liu et Jin",crown,Lygodiaceae,Schizaeales,Lygodiaceae,"based upon their vegetative morphology, epidermal anatomy and the structure of the conducting tissues",@Naugolnykh_etal-2020,61.6,59.2,middle Paleocene (Selandian),,ICS (v2017/02),,China,"Jinfu Road, Sanshui District, Foshan City, Guangdong, China",Buxin Fm,Sterile foliage,SSBX-020,"Museum of Biology, Sun Yet-sen University, Guangzhou, China"
31,174.1,crown Marattiaceae,Marattia aganzhenensis,"Yang, Wang et Pfefferkorn","Marattia aganzhenensis Yang, Wang et Pfefferkorn",crown,Marattiaceae,Marattiales,Marattiaceae,"The affinities are confirmed by the phylogenetic analysis of @Rothwell_etal-2018, placing it within crown Marattiaceae",@Wang_Pfefferkorn-2008,201.3,174.1,Early Jurassic,,ICS (v2017/02),,China,"Aganzhen, Lanzhou, Gansu, China",Daxigou Fm.,"Fertile foliage, sporangia, spores",Holotype: NWGP-90001,"College of Earth and Environmental Sciences, Lanzhou University"
32,113,crown Marattiaceae,Marattiaceae indet,,Marattiaceae indet ,crown,Marattiaceae,Marattiales,Marattiaceae,"Based on discussion of affinities, probably placed above Danaea",@Vera_Ccesari-2006,125,113,Aptian,,ICS (v2017/02),,Antarctica,"Rotch Dome, Byers Peninsula, South Shetland Islands",Cerro Negro Fm.,"Synangia, sporangia, spores","BA Pb 14,985 (Microscope slides BA Pb Pm 610, 625–628)","Museo Argentino de Ciencias Naturales “Bernardino R. Rivadavia”, División Paleobotánica"
33,15.97,crown Pleopeltis,Pleopeltis dominicensis,"H.Schneid., Heinrichs et A.R.Schmidt","Pleopeltis dominicensis H.Schneid., Heinrichs et A.R.Schmidt",crown,Pleopeltis,Polypodiales,Polypodiaceae,The relationships of the fossil were explored by: (1) comparing morphological similarities with extant taxa; (2) identifying apomorphic character states by reconstructing the evolution of characters preserved in the fossil; and (3) analy- ses employing phylomorphospace reconstruction.,@Schnneider_etal-2015,20.44,15.97,Burdigalian,,ICS (v2017/02),The age of the Dominican amber deposit has been recently constrained from the stratigraphic age estimation of Burdigalian (15.8–20.3 Mya) to approximately 16 Ma,Dominincan Republic,,Dominicam amber deposti,Fertile foliage,AMNH-DR-ASHS-1,"Dominican amber collection of the American Museum of Natural History, New York"
34,20.44,crown Thelypteridaceae,Thelypteris_indet,,Thelypteris_indet ,crown,Thelypteridaceae,Polypodiales,Thelypteridaceae,"Assignment to subgenus Meniscium, but not sure due to taxonomy of the group",@Sanin_etal-2015,23.03,20.44,Miocene (Aquitanian),19 + 2 (K-Ar),ICS (v2017/02),,Colombia,,"La Paila Fm and La Pobreza Fm, Valle Group",,,Fossil Collection of the Caldas University (CAL) and Colombian Geological Institute (INGEOMINAS)
35,66,stem Acrostichum+Ceratopteris,Acrostichum intertrappeum,Bonde et Kumaran,Acrostichum intertrappeum Bonde et Kumaran,stem,Acrostichum+Ceratopteris,Polypodiales,Pteridaceae,Characters of the fossil suggest its undoubted affinity with Acrostichum,@Bonde_Kumaran-2002,72.1,66,Late Cretaceous (Maastrichtian),,ICS (v2017/02),,India,"Nawargaon, District Wardha, Ma- harashtra, India, 21‡01PN, 78‡35PE",Deccan Intertrappeans of India,"Stem, petioles, roots",N 201/98,"Department of Botany, Agharkar Research Institute, Pune, India"
36,23.03,stem Acrostichum,Acrostichum palaeoaureum,"Beauchamp, Lemoigne et Petrescu","Acrostichum palaeoaureum Beauchamp, Lemoigne et Petrescu",stem,Acrostichum,Polypodiales,Pteridaceae,,@Massini_etal-2006,27.82,23.03,Late Oligocene (Chattian),,ICS (v2017/02),"Ash-IV is a 3–7-m-thick, basin-wide unit that occurs stratigraphically above the basalt and is dated by 40Ar/39Ar at 27:36 6 0:11 Ma",Etiopia,"Chilga, ca. 60 km west-southwest of Gondar on the northwestern Ethiopian Plateau, along the slopes of the Magargaria River (12°30931.30N, 37°6957.30E) and along the Guang River (12°30943.440N, 37°7924.180E)",Volcanic ash deposits within Ash-IV in the Guang River section and lignitic deposits within Ash- IV in the Magargaria River ,"Sterile foliage, stems, spores","CH-55 6 (fig. 2A), CH-55 4 (fig. 2B), CH-55 2 (fig. 2C), CH-79 21 A (fig. 2D), CH-79 21 B (fig. 2E), and CH-79 21 A-B #1 (fig. 2F–2H)","National Museum of Ethiopia, Addis Abada"
37,47.8,stem Asplenium,Asplenium sanshuiense,Xu et Jin,Asplenium sanshuiense Xu et Jin,stem,Asplenium,Polypodiales,Aspleniaceae,"The frond shape, the rachis structure and the venation characteristic of ultimate segment in fossil specimens mostly resemble the extant species of Asplenium",@Xu_etal-2017b,56,47.8,early Eocene (Ypresian),,ICS (v2017/02),,China,"Sanshui Basin, Guangdong Province",Huachong Fm,Sterile fronds,SSHC-011 (holotype),"Museum of Biology, Sun Yet-sen University, Guangzhou, China"
38,83.6,stem Azolla,Glomerisporites pupus,(Dijkstra) Potonié,Glomerisporites pupus (Dijkstra) Potonié,stem,Azolla,Salviniales,Salviniaceae,"Re-analysis of @Dijkstra-1949 collection, the spore-wall morphology confirm the evolutionary links to several taxa within the Salviniales and other fossils possibly related to the group.",@Batten_etal-1998,86.3,83.6,Santonian to (?) early Campanian,,ICS (v2017/02),"Originally dated as (middle) Senonian, the more precise determination of Santonian to possibly early Campanian is now generally accepted",Europe,"Epen, Vaals, and near Simpelveld",Aachen Fm.,Megaspore,SEM micrographs depicted in figure (all from Dijkstra's slide collection),Not provided
39,86.3,stem Cibotiaceae,Cibotium iwatense,Ogura,Cibotium iwatense Ogura,stem,Cibotiaceae,Cyatheales,Cibotiaceae,"Affinities within the Cibotiaceae. According to @Stockey_Rothwell-2004, the fossil nests aligns with extant Cibotiaceae and Metaxyaceae. @Lantz_etal-1999 place it separate to living Cibotium barometz, in a clade including Metaxya rostrata. A placement in the Cibotium/Metaxya clade is thus suggested.",@Ogura-1933,89.8,86.3,Lower Senonian (Coniacian),,ICS (v2017/02),,Japan,"Kunobe-Gun, Iwate-Ken",Probably Tamagawa Fm.,Stem,Plate II,Geological Institute of Hokkaido Imperial University
40,23.03,stem Cibotiaceae,Cibotium_tasmanense,Menendez,Cibotium_tasmanense Menendez,stem,Cibotiaceae,Cyatheales,Cibotiaceae,"Affinities within the Cibotiaceae. According to @Stockey_Rothwell-2004, the fossil nests with extant Cibotiaceae and Metaxyaceae. @Lantz_etal-1999 place it separate to living Cibotium barometz, in a clade including Metaxya rostrata. A placement in the Cibotium/Metaxya clade is thus suggested, with further assignment to Cibotium following @Gould-1971",@Gould-1971,66,23.03,Tertiary (early),,ICS (v2017/02),,Tasmania,"Catamaran Road, 2.33 km south of the junction with the Forestry road to Toms Bottom",,"Stem, petioles, roots","UTG81759 (holotype), UTG87526","University of Tasmania, department of Geology"
41,33.9,stem Cibotiaceae,Nishidacaulis_burgii,,Nishidacaulis_burgii ,stem,Cibotiaceae,Cyatheales,Cibotiaceae,"Affinities with the Cyatheaceae, but note the broad circumscription of the family. @Lantz_etal-1999 place it separate to living Cibotium barometz, in a clade including Metaxya rostrata.",@Tidwell_Nishida-1993,37.8,33.9,Upper Eocene-Lower Oligocene,,ICS (v2017/02),,North America,"Northwestern Nebraska, southeast of Ardmore ",Chadron Fm.,Stem,5101 (holotype),Brigham Young University
42,93.9,stem Cyathea,Kuylisporites mirabilis,,Kuylisporites mirabilis ,stem,Cyathea,Cyatheales,Cyatheaceae,"Based on the spore morphology (Plate V, fig. 10), with three equatorial pores that are characteristic of some Cyathea (i.e., Cnemidaria-type spores); directly compared to Hemitelia karsteniana. There are some doubts on the “holotype” referred in the original (see compilers preface of @Traverse_Ames-1979). In this case, the specimen number is the same for Dicksonia dubia and Hemitelia mirabilis. Possibly, this reflects the presence of multiple spores in the same sample.",@Bolchotinova_1953,100.5,93.9,Cenomanian,,ICS (v2017/02),,Russia,"Southern Urals, left bank of the Ayat settlement, against the settlement of Novonikolayevskogo",,Spores,ИГН АН СССР No. 3527/41,"Mining-Geolical Institute of Western Siberia, Academy os Sciences, USSR (?)"
43,66,stem Cyathea,Kuylisporites_aduncus,,Kuylisporites_aduncus ,stem,Cyathea,Cyatheales,Cyatheaceae,Synonym with K scutatus. Characteristic Cnemidaria-type spore morphology.,@Waanders-1974,100.5,66,Late Cretacous,,ICS (v2017/02),,North America,"Monmouth County, New Jersey",Mt. Laurel and Navesink Fm,Spores,"Pb-9445-8, 98.4 x 6.8, Plate 5, fig. 2",Michigan State University Herbarium
44,66,stem Cyathea,Kuylisporites_separatus,,Kuylisporites_separatus ,stem,Cyathea,Cyatheales,Cyatheaceae,cf. Mohr_Lazarus-1994; originally described as Hemitelia separata (cf. @Traverse_Ames-1979),@Chlonova-1960,72.1,66,Maastrichtian-Paleogene,,ICS (v2017/02),,Russia,"Teulches Creek, 50 mk above its mouth",Chulymo-Eniseisk Basin,Spores,3СФАН СССР No. 12,"Mining-Geolical Institute of Western Siberia, Academy os Sciences, USSR (?)"
45,37.8,stem Cyathea,Kuylisporites_walterbolkii,,Kuylisporites_walterbolkii ,stem,Cyathea,Cyatheales,Cyatheaceae,"Assigned to Cyathea based on spore morphology, with the distinctive Cnemidaria-type features; characters are also present in Cyathea decurrens, sister to the Neotropical clade of Cyathea.",@Mohr_Lazarus-1994,47.8,37.8,Middle Eocene,,ICS (v2017/02),"The fossil assemblage found in these strata can be assigned to the Chiasmolithus gigas Subzone of the Nanotetrina quadrata Zone, which equals late early to mid Middle Eocene",Antartica,"Bruce Bank, South Orkney Islands",Chiasmolithus gigas subzone and Nannotetrina quadrata zone,Spores,"IO1578-59 (piston core), 26-28 cm slide B, 123-125 cm slide D",Antarctic Research Facility
46,129.4,stem Cyatheaceae,Cibotiocaulis tateiwai,(Ogura) Ogura,Cibotiocaulis tateiwai (Ogura) Ogura,stem,Cyatheaceae,Cyatheales,Cyatheaceae,"Affinities within the Cyatheaceae. According to @Stockey_Rothwell-2004 and @Lantz_etal-1999, the fossil can be attributed to stem Cyatheaceae",@Nishida-1989,133.9,129.4,Hauterivian,,ICS (v2017/02),,Korea,North Kyong Sang Province,Not provided,Stem,Specimen 5 (holotype),University Museum of the University of Tokyo
47,23.03,stem Cyatheaceae,Alsophilocaulis_calveloi,Menendez,Alsophilocaulis_calveloi Menendez,stem,Cyatheaceae,Cyatheales,Cyatheaceae,"Affinities within the Cyatheaceae. According to @Stockey_Rothwell-2004 and @Lantz_etal-1999, the fossil nests well within the Cyatheaceae, but resolution does not allow for further detail.",@Vera-2010,27.82,23.03,Late Oligocene (Chattian),,ICS (v2017/02),,Patagonia,"8 km from Aluminé City, Neuquen Province",Rancahue Fm.,Stem,"BA Pb 7696 (holotype), MCF-PBPH 215 (microscope slides A-C)","Museo Argentino de Ciencias Naturales “Bernardino R. Rivadavia”, División Paleobotánica"
48,125,stem Cyatheaceae,Cyathea_cranhamii,,Cyathea_cranhamii ,stem,Cyatheaceae,Cyatheales,Cyatheaceae,,@Smith_etal-2003,129.4,125,Barremian,,ICS (v2017/02),,British Columbia,"Apple Bay, Vancouver Island",Longarm Fm. equivalents,Sori,P13021 Hbot b (holotype),University of Alberta Paleobotanical Collections (UAPC-ALTA)
49,125,stem Cyatheaceae,Cyathea_cyathifolia,,Cyathea_cyathifolia ,stem,Cyatheaceae,Cyatheales,Cyatheaceae,"Affinities with Cyatheaceae genera according to Villar de Soane (1999). The oblique uninterrupted annulus puts it within the tree ferns, whereas  it shares the median position of the sori with the Cyatheaceae. The name was changed to Cyathea cyathifolia by Villar de Soane (1999) (from Cladophlebis cyathifolia).",@VillardeSoane-1996,129.4,125,Late Barremian-Early Aptian,,ICS (v2017/02),,Patagonia,"Estancia Bajo Grande, Santa Cruz",Baquero Fm.,Fertile foliage,"BAPb 11479; BA Pb Pm 5135 coord: 34/95, BA Pb MEB 60","Museo Argentino de Ciencias Naturales “Bernardino R. Rivadavia”, División Paleobotánica"
50,129.4,stem Cyatheaceae,Cyathocaulis_naktongensis,,Cyathocaulis_naktongensis ,stem,Cyatheaceae,Cyatheales,Cyatheaceae,"Affinities within the Cyatheaceae. According to @Stockey_Rothwell-2004 and @Lantz_etal-1999, the fossil can be attributed to stem Cyatheaceae.",@Nishida-1989,133.9,129.4,Hauterivian,,ICS (v2017/02),,Korea,North Kyong Sang Province,Not provided,Stem,Specimen 2B (lectotype),University Museum of the University of Tokyo
51,125,stem Cyatheaceae,Cyathocaulis_nihei-takagii,,Cyathocaulis_nihei-takagii ,stem,Cyatheaceae,Cyatheales,Cyatheaceae,"Affinities within the Cyatheaceae. According to @Stockey_Rothwell-2004 and @Lantz_etal-1999, the fossil can be attributed to stem Cyatheaceae.",@Nishida-1989,129.4,125,Barremian-Aptian,,ICS (v2017/02),,Japan,Chiba,,Stem,1005,"Laboratory of Phylogenetic Botany, Faculty of Science, Chiba University"
52,66,stem Cyatheaceae,Cyathocaulis_yabei,,Cyathocaulis_yabei ,stem,Cyatheaceae,Cyatheales,Cyatheaceae,"Affinities within the Cyatheaceae. According to @Stockey_Rothwell-2004 and @Lantz_etal-1999, the fossil can be attributed to stem Cyatheaceae.",@Nishida-1989,145,66,Cretaceous,,ICS (v2017/02),,Philipinnes,Mindoro Island,,Stem,,University Museum of the University of Tokyo
53,83.6,stem Cyatheaceae,Cyathocaulis_yezopteroides,,Cyathocaulis_yezopteroides ,stem,Cyatheaceae,Cyatheales,Cyatheaceae,"Affinities within the Cyatheaceae. According to @Stockey_Rothwell-2004 and @Lantz_etal-1999, the fossil can be attributed to stem Cyatheaceae.",@Nishida-1989,86.3,83.6,Santonian,,ICS (v2017/02),,Japan,"Horodatezawa, Tomamae-machi, Tomamae Province",Upper Yezo Group,Stem,NSM PP7558 (holotype),"National Science Museum Tokyo; Laboratory of Phylogenetic Botany, Faculty of Sciences, Chiba University"
54,2.58,stem Cyatheaceae,Dentropteridium_cyatheoides,Bancroft,Dentropteridium_cyatheoides Bancroft,stem,Cyatheaceae,Cyatheales,Cyatheaceae,"Affinities within the Cyatheaceae. According to @Stockey_Rothwell-2004 and @Lantz_etal-1999, the fossil nests well within the Cyatheaceae, but resolution does not allow for further detail.",@Bancroft-1932,23.03,2.58,Late Tertiary,,ICS (v2017/02),,Kenya,Mount Elgon,Volcanic agglomerate near Mount Elgon,Stem,v. 20739,British Museum (Natural History)
55,93.9,stem Cyatheaceae,Heilongjiangcaulis_keshanensis,,Heilongjiangcaulis_keshanensis ,stem,Cyatheaceae,Cyatheales,Cyatheaceae,"Affinities with the Cyatheaceae, but no further assignment to genera is possible. A phylogenetic analyses might be possible based on the table of characters presented in Vera & Cesari 2018.",@Cheng_Yang-2018,100.5,93.9,Cenomanian-Masstrichtian,,ICS (v2017/02),A phylogenetic analyses might be possible based on the table of characters presented in Vera & Cesari 2018.,China,"Henan Village, Keshan County, Wiqihar City",Quantou-Mingshui Fm.,Stems,P2955 (holotype),Geological Museum of China
56,174.1,stem Cyatheales,Coniopteris lobata,(Oldham and Morris) Halle,Coniopteris lobata (Oldham and Morris) Halle,stem,Cyatheales,Cyatheales,,,@Rees_Cleal-2004,201.3,174.1,Lower Jurassic,,ICS (v2017/02),,Antartica,Hope Bay and Botany Bay,Not provided,Sterile and fertile foliage,"D.8911.1B, D.8916B, D.8047.4A, D.8947.4B, D.8947.11A, D.8947.17B, D.8958.10A; 8003","The Natural History Museum, London"
57,125,stem Cyatheales,Cyathidites_minor,,Cyathidites_minor ,stem,Cyatheales,Cyatheales,,cf. Archangelsky & Llorens 2003,@Brenner-1963,129.4,125,Barremian,,ICS (v2017/02),Oblique annulus,North America,"Drewrys Bluff, James River, Virginia",Patuxent Fm.,Sporangia,"Slide St. 31B, coordinates 32.2-114.1; St. 26",
58,113,stem Cyatheales,Yavanna chimaerica ,Vera,Yavanna chimaerica  Vera,stem,Cyatheales,Cyatheales,,Affinities with Thyrsopteridaceae and the Cyatheaceae. Thus I treat the fossil as Cyatheales. A phylogenetic analyses might be possible based on the table of characters presented in Vera & Cesari 2018. Also a useful table in Vera & Herbst (2015),@Vera-2013,125,113,Aptian,,ICS (v2017/02),,Antartica,"Rotch Dome, Byers Peninsula, South Shetland Islands",Cerro Negro Fm.,Stem,BA Pb 14981 (BA Pb Pm 597–607) (holotype),"Museo Argentino de Ciencias Naturales “Bernardino R. Rivadavia”, División Paleobotánica"
59,33.9,stem Cyclosorus,"Cyclosorus scutum","Naugolnykh, Wang, Han et Jin","Cyclosorus scutum Naugolnykh, Wang, Han et Jin",stem,Cyclosorus,Polypodiales,Thelypteridaceae,"the material studied can be clas- sified into Cyclosorus, Thelypteridaceae with certainty, despite the exact attribution of C. scutum on subgeneric level remaining unclear.",@Naugolnykh_etal-2016,56,33.9,Eocene,,ICS (v2017/02),"The fossils of Cyclosorus, described here, were collected from the coal- bearing deposits of the Changchang Formation assigned to an Eocene age according to the published paleobotanical (megafossil) and palynological data.",China,"Jiazi Town, the City of Qiongshan, northeastern part of the Hainan Island, China",Changchang Formation,"Sterile and fertile fronds, sporangia, spores",Holotype: CCJ 266A-f-1,"Museum of Biology, Sun Yet-sen University, Guangzhou, China"
60,93.9,stem Cystodiaceae,Cystodium sorbifolioides,"Regalado, A.R.Schmidt, H.Schneid., Krings et Heinrichs","Cystodium sorbifolioides Regalado, A.R.Schmidt, H.Schneid., Krings et Heinrichs",stem,Cystodiaceae,Polypodiales,Cystodiaceae,,@Regalado_etal-2017b,100.5,93.9,Upper Cretaceous (Cenomonian),98.79 + 0.62 (U-Pb) (Cenomanian),ICS (v2017/02),"Burmese amber (Burmite), Earliest Upper Cretaceous, earliest Cenomanian, absolute age 98.79 ± 0.62 million years ago established by U-Pb dating of zircons from the rind of the unprocessed amber",Myanmar,"Amber mines near Tanai, Ledo Road, 105 km northwest of Myitkyina, Kachin State, Myanmar",Burmese amber (Burmite) ,"Fertile foliage, sporangia, spores",GZG.BST.21964a ,Geoscientific Collections of the University of Göttingen
61,113,stem Dicksoniaceae,Conantiopteris_schumanii,,Conantiopteris_schumanii ,stem,Dicksoniaceae,Cyatheales,Dicksoniaceae,"Affinities within the Dicksoniaceae. According to @Stockey_Rothwell-2004 and @Lantz_etal-1999, the fossil nests well within the Dicksoniaceae, sister to Lophosoria (but resolution)",@Lantz_etal.1999,125,113,Lower Aptian,,ICS (v2017/02),,California,"Shoup Ranch Gulch, Shasta County",Upper Chickabally Member,Stem,CS 5010 (holotype),California Academy of Sciences
62,7.246,stem Drynaria,Drynaria diplosticha,,Drynaria diplosticha ,stem,Drynaria,Polypodiales,Polypodiaceae,,@Yu_etal-2020,11.63,7.246,Late Miocene (Messinian-Tortonian),,ICS (v2017/02),"Stratigraphic correlation with the Xiaolongtan Fm., which recent palaeomagnetic dating has limited its age to be within ca. 14.1–10 Ma (Li et al. 2015b; Zhang et al. 2019).",China,"Bangmai Village (N 23°54′, E 100°0′), Lincang, Yunnan, China",Bangmai Fm.,Fertile foliage,"YNLC-LDGSW 2018–711(A, B)","Institute of Palaeontology and Stratigraphy, Lanzhou University"
63,20.44,stem Elaphoglossum,Elaphoglossum miocenicum,"Lóriga, A.R.Schmidt, R.C.Moran, K.Feldberg, H.Schneid. et Heinrichs","Elaphoglossum miocenicum Lóriga, A.R.Schmidt, R.C.Moran, K.Feldberg, H.Schneid. et Heinrichs",stem,Elaphoglossum,Polypodiales,Dryopteridaceae,,@Loriga_etal-2014,23.03,20.44,Early Miocene (Burdigalian-Aquitanian),,ICS (v2017/02),"The amber has been dated as early Miocene, 20 to 15 Myr old, and was exuded by resin-bearing species of Hymenaea in the Fabaceae.",Dominincan Republic,"Dominican Republic, Santiago area",Not provided,"Fertile foliage, petiole, sporangia, spores",USNM 414283,amber collection of the U. S. National Museum of Natural History at the Smithsonian Institution
64,346.7,stem Equisetales,Protocalamostachys farringtonii,Bateman,Protocalamostachys farringtonii Bateman,stem,Equisetales,Equisetales,,Phylogenetic analyses of @Elgorriaga_etal-2018 place this fossil as sister to extant Equisetaceae,@Bateman-1991,358.9,346.7,Late Tournaisian,,ICS (v2017/02),"The Oxroad Bay sequence has been dated as late Tournaisian. However, based on @Scott_Galtier-1996, the Tournaisian age of these localities might be revised to Visean or even Late Visean.",UK,"Oxroad Bay, East Lothian (horizon 2)",Dinantian of Scottish Midland Valley,"Strobilus, sporangiophores, sporagia, spores","Syntypes: OBC001d1B, OBC061b1T, OBC084dB, OBC084eT, OBC084gB",British Museum (Natural History)
65,272.95,stem Equisetales,Archaeocalamites_lazarii,,Archaeocalamites_lazarii ,stem,Equisetales,Equisetales,,No reference given in Testo & Sundue (2016) to 'Archaeocalamites'. From Mamay_Bateman-1991 it appears that the genus goes back to the lower Carboniferous,@Mamay_Bateman-1991,298.9,272.95,Lower Permian (Cisurian),,ICS (v2017/02),"Stratigraphic correlations; the Leonard series are roughly Kungurian–Artinskian in age, further bracketing the age of the fossil.",North America,"south of Fuldain Baylor County, north-centralTexas","Basal Clyde Formation, Leonard Series",Stems and leaves,USNM 446278-446289,US National Museum
66,298.9,stem Equisetales,Gondwanites subtilis,Cesari et Perez Loinaza,Gondwanites subtilis Cesari et Perez Loinaza,stem,Equisetales,Equisetales,,Assigned to extinct Notocalamitaceae,@Cesari_PerezLoinaze-2006,323.2,298.9,Upper Carboniferous (Pennsilvanian),,ICS (v2017/02),This is a slightly younger age as the 'Archaeocalamites' used by  Testo & Sundue (2016),Argentina,"Un Salto Creek and Sierra de Barreal, San Juan Province",El Retamo Fm.,"Stems, leaves, sporangia",BAPB 13800,Paleobotany Collection at the Museo Argentino de Ciencias Naturales “Bernardino Rivadavia”
67,100.5,stem Gleichenia,Gleichenia chaloneri,Herendeen et J.Skog,Gleichenia chaloneri Herendeen et J.Skog,stem,Gleichenia,Gleicheniales,Gleicheniaceae,"Cladistic analysis places the fossil sister to Gleichenia glauca, both clearly segregated from other genera; however, a single extant species of Gleichenia does not allow to ascertain whether the fossil lays within the crown group. Conservatively placing the fossil as stem",@Herendeen_Skog-1998,113,100.5,lower Albian,,ICS (v2017/02),,UK,"Munday'sHill Quarry,LeightonBuzzard,Bedfordshire, England",,"Fertile foliage, sporagia",Specimen PP45078,"paleobotanical collections of the Department of Geology, The Field Museum (PP)"
68,272.95,stem Gleicheniaceae,Szea sinensis,Yao et Taylor,Szea sinensis Yao et Taylor,stem,Gleicheniaceae,Gleicheniales,Gleicheniaceae,,@Zhaogi_Taylor-1988,283.5,272.95,late Early Permian (Kungurian-Roadian),,ICS (v2017/02),Equivalent to Guadalupian sediments of North America,China,"Funiushan Coal Mine, between Nan- jing and Zhenjiang, approximately 20 km from Zhenjiang, Jiangsu Province",Lower portion of Lungtan Formation.,"Fertile foliage, sporangia, spores",Specimen PB 9270,"Palaeobotany Collection, Nanjing Institute of Geology and Palaeontology, Academia Sinica, Nanjing, Jiangsu Province, China"
69,145,stem Gleicheniaceae,Gleicheniorachis_sinensis ,,Gleicheniorachis_sinensis  ,stem,Gleicheniaceae,Gleicheniales,Gleicheniaceae,,@Tian_etal-2018,163.5,145,Late Jurassic,,ICS (v2017/02),,China,"Baiyingbaoligao Village of Daiqintala Town, Horqin Right Wing Middle Banner, Inner Mongolia ",Manketouebo Formation ,Rachises,BY-031 with three slides BY-031-(A-C),"Shenyang Institute of Geology and Mineral Resources, Shenyang"
70,15.97,stem Goniophlebium,Goniophlebium macrosorum,Xu et Zhou,Goniophlebium macrosorum Xu et Zhou,stem,Goniophlebium,Polypodiales,Polypodiaceae,,@Xu_etal-2017,20.44,15.97,Miocene (Langhian-Burdigalian),15.2–16.5 Ma,ICS (v2017/02),"According to a recent magnetostratigraphic study, the sedimentary succession was assigned to Middle Miocene (15.2–16.5 Ma).",China,"Dashidong village, the Wenshan Basin, southeastern Yunnan, China",Xiaolongtan Fm,Sterile and fertile foliage,KUN PC2016DMS0368,"Herbarium of Kunming Institute of Botany, Chinese Academy of Sciences (KUN)"
71,227,stem Hymenophyllaceae,Hopetedia praetermissa,"Axsmith, Krings et Taylor ","Hopetedia praetermissa Axsmith, Krings et Taylor ",stem,Hymenophyllaceae,Hymenophyllales,Hymenophyllaceae,"We have no evidence to assign it to the crown, but the authors here state there is insufficient evidence to link the fossil to any extant lineage",@Axsmith_etal-2001,237,227,late Carnian,,ICS (v2017/02),"The middle portion of the Pekin Formation exposed in the Boren Clay Company pit near Gulf (North Carolina, USA). This portion of the Pekin Formation has been dated as late Carnian and is the source of a well-known Upper Triassic flora.",United States,"Boren Clay Company Pit near Gulf, North Carolina US",Middle Pekin Fm.,"Fertile fronds, sporangia","T 5340a, T5340c","paleobotanical collection of the University of Kansas, Lawrence"
72,113,stem Hymenophyllum,Hymenophyllum iwatsukii,"Herrera, R.C.Moran, Shi, Ichinnorov, Takahashi, Crane et Herendeen","Hymenophyllum iwatsukii Herrera, R.C.Moran, Shi, Ichinnorov, Takahashi, Crane et Herendeen",stem,Hymenophyllum,Hymenophyllales,Hymenophyllaceae,Assigned to the Hymnophyllaceae based on a combination of vegetative and reproductive characters,@Herrera_etal-2017,125,113,Aptian-Albian,,ICS (v2017/02),Aptian-Albian age based on stratigraphic correlations and palynomorphs recovered from the plant localities,Mongolia,"Tevshiin Govi (45°58′54′′ N, 106°07′12′′ E) and Tugrug (46°53′05′′ N, 108°03′38′′ E) coal mines, central Mongolia",Tevshiin Govi and Khukhteeg Fm,"Fertile fronds, sporangia, spores",PP56496,"Paleobotanical Collections, Department of Geology, The Field Museum, Chicago, Illinois, USA"
73,93.9,stem Lindsaeaceae,Lindsaeaceae gen. et. sp. indet.,"Regalado, A.R.Schmidt, Müller, Kobbert, H.Schneid. et Heinrichs","Lindsaeaceae gen. et. sp. indet. Regalado, A.R.Schmidt, Müller, Kobbert, H.Schneid. et Heinrichs",stem,Lindsaeaceae,Polypodiales,Lindsaeaceae,,@Regalado_etal-2017,100.5,93.9,Upper Cretaceous (Cenomonian),98.79 + 0.62 (U-Pb) (Cenomanian),ICS (v2017/02),"Burmese amber (Burmite), Earliest Upper Cretaceous, earliest Cenomanian, absolute age 98.79 ± 0.62 million years ago established by U-Pb dating of zircons from the rind of the unprocessed amber",Myanmar,"Amber mines near Tanai, Ledo Road, 105 km northwest of Myitkyina, Kachin State, Myanmar",Burmese amber (Burmite) ,"Fertile foliage, sporangia, spores",GZG.BST.21952,Geoscientific Collections of the Georg August University Go€ttingen
74,113,stem Lophosoria,Lophosoria cupulatus,Cantrill,Lophosoria cupulatus Cantrill,stem,Lophosoria,Cyatheales,Dicksoniaceae,"Affinities with the Lophosoriaceae, based on the distinctive spores of Cyatheacidites annulatus. The spores from Lophosoria cupulatus arebest placed within C. annulatus Cookson ex Potonie, and confirm placement within the Lophosoriaceae.",@Cantrill-1998,125,113,Aptian,,ICS (v2017/02),,Antartica,"Snow Island, Shetland Islands",Cerro Negro Fm.,"Fertile pinnule, sporangia, spores","P.2501.69a (holotype); Plate V, figure 10",British Antarctic Survey collections
75,23.03,stem Lophosoria,Cyatheacidites_annulatus,,Cyatheacidites_annulatus ,stem,Lophosoria,Cyatheales,Dicksoniaceae,The morphology fits perfectly with extant Lophosoria,@Hill_etal-2001,33.9,23.03,Oligocene-Early Miocene,,ICS (v2017/02),,Tasmania,Mt. Balfour,Balfour Sediments,"Fertile foliage, with sporangia and spores",Plate 1,Not provided
76,5.333,stem Lophosoria,Cyatheacidites_annulatus_Kerguelen,,Cyatheacidites_annulatus_Kerguelen ,stem,Lophosoria,Cyatheales,Dicksoniaceae,This records is based on the Dettmann’s description of the Cookson’s type material from Kerguelen.,@Dettmann-1986,23.03,5.333,Miocene,,ICS (v2017/02),,"Kerguelen, South Indian Ocean",Waterfall Gorge,,Spores,"Sample 85a. Neotype_ B411/8, L39/1, P181685.","British Australian New Zealand An arctic Research Expedition, 1929-1931 (BANZARE) Collection (Museum of Victoria)"
77,100.5,stem Lophosoria,Lophosoria_falsa,,Lophosoria_falsa ,stem,Lophosoria,Cyatheales,Dicksoniaceae,"There are some doubts on the “holotype” referred in the original (see compilers preface of Traverse_Ames-1979). In this case, the specimen number is the same for Lophosoria falsa and Alsophila arctua. Possibly, this reflects the presence of multiple spores in the same sample.",@Bolchotinova_1953,113,100.5,Albian,,ICS (v2017/02),,Russia,"The northern shore of the Aral Sea, in the south of the Kulandy Peninsula ",,Spores,"sl. 1, arr. 12, ИГН АН СССР no. 3527/26","Mining-Geolical Institute of Western Siberia, Academy os Sciences, USSR (?)"
78,113,stem Lophosoria,Sergioa austrina,,Sergioa austrina ,stem,Lophosoria,Cyatheales,Dicksoniaceae,Assigned to the Lophosoriaceae.,@Cesari-2006,125,113,Aptian,,ICS (v2017/02),,Antartica,South Shetland Islands,Cerro Negro Fm.,Fertile fronds,BAPb 13382 a–b (holotype),"Museo Argentino de Ciencias Naturales “Bernardino R. Rivadavia”, División Paleobotánica"
79,125,stem Loxsomataceae,Loxsomopteris anasilla,J.Skog,Loxsomopteris anasilla J.Skog,stem,Loxsomataceae,Cyatheales,Loxsomataceae,"On the basis of scletoric outer cortex and the characteristic hairs on the epidermis, the fossil is described as a new genus in the Losxomataceae",@Skog-1976,129.4,125,Barremain or Aptian,,ICS (v2017/02),"Preliminary examination of pollen preparation of the fossil-bearing bed is consistent with its placement in Zone I, which is probably Aptian in Age.",North America,"Paint Branch, USNM locality 14212","Potomac Group, Patuxent Fm.",Stem,"USNM 208539, a , b, c 1-21","Paleobotany  Collections, US National Museum of Natural History"
80,168.3,stem Lygodium,Stachypteris spicans,Pomel,Stachypteris spicans Pomel,stem,Lygodium,Schizaeales,Lygodiaceae,"Comparing the Jurassic Klukia exilis and Stachypteris spicans spores with those recent spores, one may say that they are similar but not strictly comparable, especially their greatly reduced proximal sculpture has not been seen in the Recent spores. Within the Schizaeaceae, however, they certainly resemble most closely those reticulate Lygodium spores (@vanKonijnenburg-1989); therefore these may mark the split between Lygodium and the Anemia/Schizaea clade",@Harris-1961,170.3,168.3,Bajocian,,ICS (v2017/02),,UK,"Marske Quarry, Hasty Bank and Whitby, Yorkshire","Lower Deltaic Series, Yorkshire flora","Sterile and fertile fronds, sporangia, spores","V.27708a-b, V.31908a, V.27709a, V.31910a",British Museum (Natural History)
81,89.8,stem Lygodium,Lygodium_bierhorstiana,,Lygodium_bierhorstiana ,stem,Lygodium,Schizaeales,Lygodiaceae,Phylogenetic analyses placing the fossil as sister to Lygodium (but only one species included);  so conservatively placing as stem Lygodium,@Gandolfo_etal-2000,93.9,89.8,Turonian,,ICS (v2017/02),The sediments have been dated as Turonian in age,United States,"Old Crossman Clay Pit, Sayreville, NJ","South Amboy Fure Clay, Raritan Fm","Sorophores, sporangia, and spores",Holotype: CUPC 1059,Paleobotany Collection (CUPC) of the L. H. Bailey Hortorium
82,298.9,stem Marattiaceae,Eoangiopteris_goodii,,Eoangiopteris_goodii ,stem,Marattiaceae,Marattiales,Marattiaceae,,@Millay-1987,307,298.9,Upper Pennsylvanian,,ICS (v2017/02),"tratigraphically, the coal balls were reported as occurring in a coal seam equivalent to either the Pittsburgh (No. 8) or Redstone (No. 8A) Coals of the Monongahela Series, and are therefore Late Pennsylvanian in age (Sturgeon, 1958)",North America,Shade Ohio,Coals of the Monongahela Series,"Sterile foliage, synangia, spores",Fig. 2 on U.I.C.C. slide #6691 from O.S.U. c.b. #6045,"Paleobotanical Collections, Univ. Illinois at Chicago Circle"
83,174.1,stem Marattiaceae,Marattia_asiatica,,Marattia_asiatica ,stem,Marattiaceae,Marattiales,Marattiaceae,"The assignment is confirmed by the phylogenetic analysis of Rothwell_etal-2018, placing as a stem member of Marattiaceae",@Wang-1999,201.3,174.1,Lower Jurassic,,ICS (v2017/02),"Presently, how- ever, the Hsiangchi Formation is generally regarded as Early Jurassic based on various palaeontological evidences, such as plant megafossils, spores–pollen, bivalves and megaspores (Wu et al., 1980; Li and Shang, 1980; Meng, 1987; Meng and Zhang, 1987; Zhang and Zhang, 1987; Yang and Sun, 1987).",China,"Xiangxi Town, Zigui County, Hubei Province, China.",Hsiangchi Fm.,"Fertile foliage, synangia, sporangia, spores",PB18088–PB18093 and PB18136–PB18140 ,"Palaeobotanical Collection of NIGPAS, Nanjing, China "
84,86.3,stem Marattiaceae,Marattiopsis_vodrazkae,,Marattiopsis_vodrazkae ,stem,Marattiaceae,Marattiales,Marattiaceae,,@Kvacek-2014,89.8,86.3,Coniacian,,ICS (v2017/02),"Palaeontological and Sr-isotope data suggest a Coniacian age for the formation (e.g. McArthur et al. 2000, Riding and Crame 2002, Crame et al. 2006)",Antarctica,"A32-2; James Ross Island, Antarctica ",Hidden Lake Formation ,"Fertile foliage, synangia, sporangia, spores",H o l o t y p e: CGS No. AN 491,Czeck Geological Survey and Instituto Antártico Argentino
85,174.1,stem Marattiaceae,Marattiopsis_patagonica,,Marattiopsis_patagonica ,stem,Marattiaceae,Marattiales,Marattiaceae,Phylogenetic analysis of Rothwell_etal-2018,@Escapa_etal-2015,182.7,174.1,late Early (Toarcian) to early Middle Jurassic (Aalenian),,ICS (v2017/02),,Patagonia,"Cerro Bayo locality, NW Chubut Province, Argentina.",Unnamed sedimentary unit,,Holotype. MPEF-Pb 5278.,"Museo Argentino de Ciencias Naturales “Bernardino R. Rivadavia”, División Paleobotánica"
86,307,stem Marattiaceae,Radstockia kidsonii,Taylor,Radstockia kidsonii Taylor,stem,Marattiaceae,Marattiales,Marattiaceae,"The affinities are confirmed by the phylogenetic analysis of @Rothwell_etal-2018, placing it as stem Marattiaceae",@Taylor-1967,315.2,307,Middle Pennsylvanian,,ICS (v2017/02),,North America,"Mazon Creek, Will Country, Illinois","Francis Creek Shale, Carbondale Fm, Kewanee group","Sterile fronds, sporangia, spores","Plate 6, fig. 1 (No. 1004)","Peabody Museum of Natural History, Yale University, Paleobotanical collections"
87,145,stem Marsileaceae,Regnellites nagashimae,Yamada et Kato,Regnellites nagashimae Yamada et Kato,stem,Marsileaceae,Salviniales,Marsileaceae,"Phylogenetic analyses place is as stem relative, sister to extant Marsileaceae; although there is low support (BP = 68) for this position, rendering the possibility of the fossil representing a crown member of Salviniales.",@Yamada_Kato-2002,163.5,145,Upper Jurassic to Berrasian,,ICS (v2017/02),,Japan,"Locality 102 on Nakao Forestry Road, Shimonoseki, Yamaguchi Prefecture",Kiyosue Fm,"Rhizomes, petioles, sporocarps, spores",Holotype. NSM-PP-9944,National Science Museum Tokyo
88,93.9,stem Marsileaceae,Marsileaceaephyllum_johnhallii,,Marsileaceaephyllum_johnhallii ,stem,Marsileaceae,Salviniales,Marsileaceae,,@Nagalingum-2007,100.5,93.9,Cenomanian,,ICS (v2017/02),,United States,Locality #IU 15706,Dakota Fm,whole plant with rhizome and leaves,15706–8273,Florida Museum of Natural History
89,100.5,stem Marsileaceae,Marsileaceaephyllum_lobatum ,,Marsileaceaephyllum_lobatum  ,stem,Marsileaceae,Salviniales,Marsileaceae,,@Nagalingum-2007,113,100.5,late Albian,,ICS (v2017/02),,Antarctica,"Citadel Bastion, Triton Point Member","Citadel Bastion, Triton Point Member",,KG. 4737.84,
90,242,stem Matoniaceae,Tomaniopteris katonii,"Klavins, Taylor et Taylor","Tomaniopteris katonii Klavins, Taylor et Taylor",stem,Matoniaceae,Gleicheniales,Matoniaceae,combination of characters that affiliates them with the Matoniaceae,@Klavins_etal-2004,247.2,242,early Middle Triassic (Anisian),,ICS (v2017/02),"The peat occurs in carbonaceous mudstones of the upper Fremouw Formation, which is early Middle Triassic in age based on palynology and vertebrates",Antarctica,"Fremouw Peak, Queen Alexandra Range, central Transantarctic Mountains",Upper Fremouw Formation,"Sori, sporangia","Holotype, 49 slides of specimen 11248A, slide Nos. 20461–20465, 20466–20510","Division of Paleobotany of the Natural History Museum and Biodiversity Research Center, University of Kansas"
91,100.5,stem Matoniaceae,Konijnenburgia_alata ,,Konijnenburgia_alata  ,stem,Matoniaceae,Gleicheniales,Matoniaceae,K. alata exhibits vegetative and reproductive characters shared with both extant Matoniaceae genera ,@Passalia_etal-2018,113,100.5,late Albian,99 + 2.8 (U-Pb) (Albian),ICS (v2017/02),,Patagonia,"Puesto Galpçon locality, and Curvon de Bagual locality",Piedra Clavada Formation,,"Specimen NRMS116525A (Halle, 1913, plate 1, fig.1) and its counterpart NRMS116525B ","Swedish Museum of Natural History, Stockholm"
92,100.5,stem Monachosorum,Krameropteris resinatus,"H.Schneid., A.R.Schmidt et Heinrichs","Krameropteris resinatus H.Schneid., A.R.Schmidt et Heinrichs",stem,Monachosorum,Polypodiales,Dennstaedtiaceae,"Monachosorum species resemble the fossil in the formation of trilete spores, presence of exindusiate sori and a simultaneous maturity of sporangia. Given the uncertainty of character state evolution, the fossil may not be a member of the stem of Monachosorum as considered here but actually better placed at the branch leading to the split between Monachosorum and the HYP-clade. However, this appears to be less likely given the character state reconstructions obtained.",@Schneider_etal-2016,113,100.5,late Albian,,ICS (v2017/02),"Biostratigraphic studies suggested a late Albian age of the amber- bearing sediment, hence the inclusions have a late Early Cretaceous age, with a minimum age of 98 million years (earliest Cenomanian, early Late Cretaceous) that is based on recent U-Pb dating of zircons.",Myanmar,"Amber mines near Tanai, about 105 km north of Myitkyina in Kachin State",Burmese amber (Burmite) ,"Fertile foliage, sporangia, spores",Holotype: AMNH Bu-ASJH-3.,"American Museum of Natural History, New York "
93,56,stem Onoclea,Onoclea sensibilis,L.,Onoclea sensibilis L.,stem,Onoclea,Polypodiales,Onocleaceae,,@Rothwell_Stockey-1991,59.2,56,late Paleocene (Thanetian),,ICS (v2017/02),,North America,"Munce's Hill, near Red Deer, Alberta",Paskapoo Fm,"Sterile and fertile fronds, sporangia, spores","S17971-S18236, S18238-S19626, $23405-$23523, $23526-$23556, $23968-$23997, $26372-$26273, $26292-$26317, $26319-$26328, $26479-$26480",University of Alberta Paleobotanical Collections (U.A.P.C.)
94,93.9,stem Ophioglossum,Ophioglossum senomanicum,Chlonova,Ophioglossum senomanicum Chlonova,stem,Ophioglossum,Ophioglossales,Ophioglossaceae,"The spore bears a resemblance to modern Ophioglossum lusitanicum and Ophioglossum falcatum, differs from them in larger sizes and in the presence of a smooth area around the three-beam slit",@Chlonova-1960,100.5,93.9,Cenomanian-Turonian,,ICS (v2017/02),,Russia,"Chulym, near the village of Suchkovo and 500 m from the village of Simonovo, right bank of the river Kemr, 2 km below the mouth",Not provided,Spores,"Табл. Ill, фиг. 13—16",Geological Institute of the Academy of Sciences of the USSR
95,93.9,stem Osmunda,Osmunda granulata,(Maljavkina) Chlonova,Osmunda granulata (Maljavkina) Chlonova,stem,Osmunda,Osmundales,Osmundaceae,"The surface of the exine, covered with small papillae, makes it possible to compare this spore with the spores of modern ferns Osmunda regalis' and Osmunda Claytoniana (collection of reference spore preparations) and with Osmunda triassica. But none of these species can be identified with our specimens.",@Chlonova-1960,100.5,93.9,Cenomanian-Turonian,,ICS (v2017/02),,Russia,"Chulym, near the village of Suchkovo and 500 m from the village of Simonovo, right bank of the river Kemr, 2 km below the mouth",Not provided,Spores,"Табл. Ill, фиг. 4—5",Geological Institute of the Academy of Sciences of the USSR
96,145,stem Osmundaceae,Ashicaulis liaoningensis ,(Zhang et Zheng) Tidwell,Ashicaulis liaoningensis  (Zhang et Zheng) Tidwell,stem,Osmundaceae,Osmundales,Osmundaceae,,@Tian_etal-2018,163.5,145,Late Jurassic,,ICS (v2017/02),,China,"Baiyingbaoligao Village of Daiqintala Town, Horqin Right Wing Middle Banner, Inner Mongolia ",Manketouebo Formation ,"Rhizhome, petiole bases, adventitious roots",BY-01 with two slides BY-01-(A-B),"Shenyang Institute of Geology and Mineral Resources, Shenyang"
97,27.82,crown Polypodium s.l.,Polypodium radonii,Kvacek,Polypodium radonii Kvacek,crown,Polypodium s.l.,Polypodiales,Polypodiaceae,"The fossils are compared to Polypodium, with reference to P. vulgare complex. Our tree rendered a paraphyletic Polypodium by monotypic Pleurosoriopsis. Two options: assign the fossil to stem Polypodium ss (excluding Pleurosoriopsis and P. pellucidum) or to crown Polypodium sl (including Pleurosoriopsis and P. pellucidum). As the fossil clearly aligns with Polypodium, we here chose to calibrate crown Polypodium sl.",@Kvacek-2001,33.9,27.82,Early Oligocene,29-30 Mya (Rupelian),ICS (v2017/02),Radiometric dating of the sodalite trachyte which penetrated into the sediments putas an age of 20-30 Mya for the fossiliferous shale,Europe,Holy Kluk hill near ProboStov,Usti Formation of the Ceske stredohori Mountains,"Fertile foliage, sporangia, spores",NM G 7765a,"National Museum, Praha"
98,83.6,stem Regnellidium,Regnellidium_upatoensis,,Regnellidium_upatoensis ,stem,Regnellidium,Salviniales,Marsileaceae,,@Lupia_etal-2000,86.3,83.6,Santonian,,ICS (v2017/02),Biostratigraphic correlation places these outcrops in the Eutaw Formation or its nonmarine equivalent on the Gulf Coastal Plain,North America,"Upatoi Creek, Chattahoochee County, Georgia, U.S.A",Eutaw Formation ,"Sporocarp, megaspores",PP45948,"paleobotanical collections of the Field Museum, Chicago"
99,72.1,stem Regnellidium,Regnellidium_thomas-taylorii,,Regnellidium_thomas-taylorii ,stem,Regnellidium,Salviniales,Marsileaceae,,@Cuneo_etal-2013,83.6,72.1,Campanian-Maastrichtian,,ICS (v2017/02),,Patagonia,"Cerro Bosta, Bajada del Diablo area, north-central Chubut Province, Patagonia, Argentina",La Colonia Formation,,MPEF-Pb 5406,
100,163.5,stem Schizaeaceae,Klukia exilis,(Phillips) Raciborski,Klukia exilis (Phillips) Raciborski,stem,Schizaeaceae,Schizaeales,Schizaeaceae,"Comparing the Jurassic Klukia exilis and Stachypteris spicans spores with those recent spores, one may say that they are similar but not strictly comparable, especially their greatly reduced proximal sculpture has not been seen in the Recent spores. Within the Schizaeaceae, however, they certainly resemble most closely those reticulate Lygodium spores (@vanKonijnenburg-1989); therefore these may mark the split between Lygodium and the Anemia/Schizaea clade",@Harris-1961,174.1,163.5,Middle Jurassic,,ICS (v2017/02),,UK,"Cloughton Wyke and CaytonBay",Middle Deltaic Gristhorpe Bed,"Sterile and fertile fronds, sporangia, spores","V.26903, V.25840, V.31973, V.31973a; Leckenby Coll., 91","British Museum (Natural History) and Sedgwick Museum, Cambridge"
101,168.3,stem Dipteridaceae,Dyctyophyllum_rugosum,,Dyctyophyllum_rugosum ,stem,Dipteridaceae,Polypodiales,Dipteridaceae,,@Harris-1961,170.3,168.3,Bajocian,,ICS (v2017/02),,UK,"Roseberry Topping; Beast Cliff, nr. Petard Point; Farndale, Hillhouse Nab","Lower and Middle Deltaic Series, Yorkshire flora","Fertile foliage, sporangia, spores","V.25895b, V.25884, V.26927b, V.25892",British Museum (Natural History)
102,89.8,stem Stromatopteris,Boodlepteris_turoniana,,Boodlepteris_turoniana ,stem,Stromatopteris,Gleicheniales,Gleicheniaceae,,@Gandolfo_etal-1997,93.9,89.8,Late Turonian,,ICS (v2017/02),,United States,"Old Crossman Clay Pit, Sayreville, NJ",Raritan or Lower Magothy Formation,"Stem, roots, fronds, sporangia, spores",CUCP 1043,Paleobotany Collection of the L.H. Bailey Hortorium
103,56,stem Thelypteridaceae,Speirseopteris orbiculata,,Speirseopteris orbiculata ,stem,Thelypteridaceae,Polypodiales,Thelypteridaceae,,@Stockey_etal-2006,59.2,56,late Tiffanian (Thanetian),,ICS (v2017/02),,North America,"Munce’s Hill, a roadcut 3 km northeast of Can- yonSkiQuarry(NW1/4sect.S34,T38,R26,W4)incen- tral Alberta, Canada",Paskapoo Fm,Fertile foliage,"UAPC-ALTA S48,028",University of Alberta Paleobotanical Collections (UAPC-ALTA)
104,100.5,stem Thelypteridaceae,Holttumopteris burmensis,"Regalado, H.Schneid., M.Krings et Heinrichs","Holttumopteris burmensis Regalado, H.Schneid., M.Krings et Heinrichs",stem,Thelypteridaceae,Polypodiales,Thelypteridaceae,"Based on the character state reconstruction, fossil is assigned to the eupolypod ferns, perhaps representing a stem group element of Thelypteridaceae.",@Regalado_etal-2018,113,100.5,late Albian,,ICS (v2017/02),,Myanmar,"Amber mines near Tanai, Ledo Road, 105 km northwest of Myitkyina, Kachin State, Myanmar",Burmese amber (Burmite) ,"Fertile foliage, sporangia, spores",PB22471,Nanjing Institute of Geology and Palaeontology
105,145,stem Thyrsopteridaceae,Oguracaulis banksii,"Tidwell, Nishida et Webster","Oguracaulis banksii Tidwell, Nishida et Webster",stem,Thyrsopteridaceae,Cyatheales,Thyrsopteridaceae,"Affinities within the Thyrsopteridaceae. According to @Stockey_Rothwell-2004 and @Lantz_etal-1999, the fossil nests is sister to extant Thyrsopteris.",@Tidwell_etal-1989,163,145,Late Jurassic-Early Cretaceous,,ICS (v2017/02),,Tasmania,"South Cape road, Ida Bay",Not provided,Stem,"Z2286 (holotype), 3258 (paratype)",Tasmanian Museum and Art Gallery; Brigham Young University (paratype)
106,33.9,stem Thyrsopteridaceae,Cyathodendron_texanum,Arnold,Cyathodendron_texanum Arnold,stem,Thyrsopteridaceae,Cyatheales,Thyrsopteridaceae,"Affinities within the Thyrsopteridaceae. According to @Stockey_Rothwell-2004 and @Lantz_etal-1999, the fossil nests is sister to extant Thyrsopteris.",@Arnold-1945,37.8,33.9,Late Eocene (Priabonian),,ICS (v2017/02),,United States,"10 miles North of Roma, Starr Cty, Texas",Fayette Formation,Stem,23405,University of Michigan Collection
107,66,stem Thyrsopteridaceae,Thyrsopterorachis mesozoica,,Thyrsopterorachis mesozoica ,stem,Thyrsopteridaceae,Cyatheales,Thyrsopteridaceae,Comparison of characters with several genera in the Cyatheales; but closer resemblance to Thyrsopteris,@Nishida_Nishida-1979,89.8,66,Upper Cretaceous (Senonian),,ICS (v2017/02),Affinities with Thyrsopteris,Japan,"Oh-Yubari, Yubari City, Hokkaido",Upper Ezo Group,Stem,73221," Laboratory of Phylogenetic Botany, Chiba University"
108,93.9,stem Trichomanoidae,Trichomanes rotundum,Chlonova,Trichomanes rotundum Chlonova,stem,Trichomanoidae,Hymenophyllales,Hymenophyllaceae,"This species is similar to modern spores of Trichomanes alatum and Trichomanes angustatum, but differs from the former in the character of the exine surface (in Trichomanes alatum it is finely prickly), from the latter it is more large in size. Trichomanes s.s. is used in PPGI, but Trichomanes s.l. was in use at the time of the publication of the fossil. Trichomanes s.l. in PPGI corresponds to subfamily Trichomanoideae.",@Chlonova-1960,100.5,93.9,Cenomanian-Turonian,,ICS (v2017/02),,Russia,"Chulym, near the village of Suchkovo and 500 m from the village of Simonovo, right bank of the river Kemr, 2 km below the mouth",Not provided,Spores,"ЗСФАН СССР, No 4/4",Geological Institute of the Academy of Sciences of the USSR
109,56,stem Woodwardia,Woodwardia_gravida,,Woodwardia_gravida ,stem,Woodwardia,Polypodiales,Blechnaceae,,@Hickey-1977,59.2,56,late Paleocene (Thanetian),,ICS (v2017/02),,United States,Bear Den Member at Iocs. 14066c and 14121,,,USNM 43427,
110,41.2,stem Woodwardia,Woodwardia_changchangensis,,Woodwardia_changchangensis ,stem,Woodwardia,Polypodiales,Blechnaceae,,@Song_etal-2021,47.8,41.2,Middle Eocene (Lutetian),,ICS (v2017/02),,China,"Changchang Basin, Hainan Island, China",Changchang Formation,,Holotype: Figured here (Fig. 2A and C); No. CCJ 171A (part) and CCJ 171B (counterpart),"Museum of Biology, Sun Yet-sen University, Guangzhou, China"
111,251.9,stem Gleicheniaceae,"Chansitheca_wudaensis",,"Chansitheca_wudaensis",stem,Gleicheniaceae,Gleicheniales,Gleicheniaceae,,@He_etal-2016,298.9,251.9,Permian,,ICS (v2017/02),,China,"Wuda Coal District near the city of Wuda in the Inner Mongolia Autonomous Region of North China ","Wuda Tuff Flora","Fertile foliage, sporangia, spores",PB 21731 ,"Nanjing Institute of Geology and Palaeontology, Chinese Academy of Sciences."
112,37.8,crown Athyriaceae,Dickwhitea allenbyensis,,Dickwhitea allenbyensis ,crown,Athyriaceae,Polypodiales,Athyriaceae,,@Krafit_etal-2006,47.8,37.8,Middle Eocene,,ICS (v2017/02),,Canada,"East bank of the Similkameen River, ca. 8.4 km south of Princeton, British Columbia",Princeton Group. Allenby Fm.,,P1080 ,
113,86.3,crown Schizaeaceae,Paralygodium meckertii,Karafit et Stockey,Paralygodium meckertii Karafit et Stockey,crown,Schizaeaceae,Schizaeales,Schizaeaceae,"Schizaceae sensu lato, which include Lygodium, Anemia, and Schizea; but directly compared to Anemia, thus assignment to Schizeaceae ss",@Krafit_Stockey-2008,89.8,86.3,Coniacian,,ICS (v2017/02),"the Eden Main localities have been dated as upper Turonian to lower Coniacian using mollusc, index fossils",Canada,Eden Quarry ,"Dunsmuir Member, Comox Formation","Fertile foliage, sporangia, spores",P14457 E top ,University of Alberta Paleobotanical Collections (UAPC-ALTA)
114,23.03,stem Polystichum,Polystichum pacltovae,Kvacek,Polystichum pacltovae Kvacek,stem,Polystichum,Polypodiales,Dryopteridaceae,,@Kvacek_Teo-2020,33.9,23.03,Oligocene,,ICS (v2017/02),,Czech Republic,Ústí nad Labem – Mojžíř,Děčín Formation of the České středohoří Mts.,"Sterile and fertile foliage, sporangia","NM G 12419, NM G 12420",Paleontological department of the National Museum in Prague
115,100.5,crown Gleicheniaceae,Gleicheniaceaephyllum acutum,Nagalingum et Cantrill,Gleicheniaceaephyllum acutum Nagalingum et Cantrill,crown,Gleicheniaceae,Gleicheniales,Gleicheniaceae,Assigned to Gleicheniaceae based on the presence of the syna- pomorphy of a resting bud surrounding by branches,@Nagalingum_Cantrill-2006,113,100.5,late Albian,,ICS (v2017/02),These fluvial strata have been assigned a Late Albian age on the basis of bracketing molluscan faunas (105 Ma). ,Antarctica,British Antarctic Survey locality KG. 2815,"Triton Point Formation, Fossil Bluff Group",Sterile and fertile fronds,KG. 2815.75a–.76a,"British Antarctic Survey"
116,100.5,stem Matonia,"Matonia jeffersonii",Nagalingum et Cantrill,"Matonia jeffersonii Nagalingum et Cantrill",stem,Matonia,Gleicheniales,Matoniaceae,Assigned to Matoniaceae based on the presence of circular to oval sori with a peltate indusium.,@Nagalingum_Cantrill-2006,113,100.5,late Albian,,ICS (v2017/02),These fluvial strata have been assigned a Late Albian age on the basis of bracketing molluscan faunas (105 Ma). ,Antarctica,"British Antarctic Survey locality KG. 2816","Triton Point Formation, Fossil Bluff Group","Sterile and fertile fronds, sporangia, spores",KG. 2816.27b,"British Antarctic Survey"
117,100.5,crown Pteridaceae,Heinrichsia cheilanthoides,"Regalado, A.R.Schmidt, M.Krings et H.Schneid.","Heinrichsia cheilanthoides Regalado, A.R.Schmidt, M.Krings et H.Schneid.",crown,Pteridaceae,Polypodiales,Pteridaceae,The fossil was assigned to the order Polypodiales based on the presence of a vertical annulus interrupted by the sporangium stalk. The presence of marginal sori protected by pseudoindusia therefore is strong support of the affinities of the fossil to the Pteridaceae.,@Regalado_etal-2019,113,100.5,Late Albian-early Cenomanian,,ICS (v2017/02),"Biostratigraphic studies (Cruickshank & Ko, 2003) and U‐Pb dating of zircons indicate a late Albian to earliest Cenomanian age of the Burmese amber, with a minimum age of 98 Ma.",Myanmar,"Amber mines near Tanai, Ledo Road, 105 km northwest of Myitkyina, Kachin State",Burmese amber (Burmite) ,"Fertile foliage, sporangia, spores",GZG.BST.21977,Collections of the Geoscience Centre (GZG) at the University of Göttingen
118,100.5,stem Hymenophyllaceae,Eogonocormus cretaceum,,Eogonocormus cretaceum ,stem,Hymenophyllaceae,Hymenophyllales,Hymenophyllaceae,"The small size, branching style of the leaves, and characteristics of the sori and spores indicate that these fossils belong to the family Hymenophyllaceae. Of the 34 extant genera of Hymenophyllaceae (Copeland 1938, 1947), the fossils are most similar to Hymenophyllum and Mocodium based on the outline of the sterile frond, but are closer to Gonocormus based on the fertile fronds and sorus arrangement.",@Deng-1997,145,100.5,Early Cretaceous,,ICS (v2017/02),,China,"Huolinhe Basin, eastern Inner Monngolia",Huolinhe Fm. ,"Fertile and sterile fronds, rhizome",H17-43,Not provided
119,129.4,stem Athyrium s.s.,Athyrium cretaceum,Chen et Meng,Athyrium cretaceum Chen et Meng,stem,Athyrium s.s.,Polypodiales,Athyriaceae,The fossil are compared to species of Athyrium sensu stricto (not sensu PPG1). Taken as is to calibrates Athyrium ss.,@Chen_etal-1997,145,129.4,Neocomian (Barresian to Hauterivian),,ICS (v2017/02),The age is Aptian-Neocomian based on stratigraphic correlations,China,"Fuxin Basin and Tiefa Basin, Liaoning province; Huolinnhe Basin, Inner Mongolia",Fuxin and Xiaominganbei Formations; Huolinhe Formation,"Fertile fronds, sporangia, spores",Plates 1 and 2,China University of Geosciences
120,113,stem Athyrium s.s.,Athyrium_fuxinense,Chen et Meng,Athyrium_fuxinense Chen et Meng,stem,Athyrium s.s.,Polypodiales,Athyriaceae,The fossil are compared to species of Athyrium sensu stricto (not sensu PPG1). Taken as is to calibrates Athyrium ss,@Chen_etal-1997,125,113,Aptian,,ICS (v2017/02),The age is Aptian based on stratigraphic correlations,China,"Fuxin Basin, Liaoning province",Fuxin Formation,"Fertile fronds, sporangia, spores",Plate 3,China University of Geosciences
121,113,stem Athyrium s.s.,Athyrium_hulunianum,"Chen, Ren et Deng","Athyrium_hulunianum Chen, Ren et Deng",stem,Athyrium s.s.,Polypodiales,Athyriaceae,The fossil are compared to species of Athyrium sensu stricto (not sensu PPG1). Taken as is to calibrates Athyrium ss,@Chen_etal-1997,125,113,Aptian,,ICS (v2017/02),The age is Aptian based on stratigraphic correlations,China,"Zhalainuoer Basin, Inner Mongolia",Yimin Fomration,"Fertile fronds, sporangia, spores",Plates 4 and 5,China University of Geosciences
122,113,stem Athyrium s.s.,Athyrium_hailaerianum,Deng et Chen,Athyrium_hailaerianum Deng et Chen,stem,Athyrium s.s.,Polypodiales,Athyriaceae,The fossil are compared to species of Athyrium sensu stricto (not sensu PPG1). Taken as is to calibrates Athyrium ss,@Chen_etal-1997,125,113,Aptian,,ICS (v2017/02),The age is Aptian based on stratigraphic correlations,China,"Zhalainuoer Basin, Inner Mongolia",Yimin Fomration,"Fertile fronds, sporangia, spores","Plates 5, 6, and 7",China University of Geosciences
123,72.1,stem Woodwardia,Woodwardia sp. indet.,Upchurch et Mack,Woodwardia sp. indet. Upchurch et Mack,stem,Woodwardia,Polypodiales,Blechnaceae,cf. the fossils from @Crabtree-1987,@Upchurch_Mack-1998,83.6,72.1,Campanian,76.1–72.5 Ma (Amato_etal-2017),ICS (v2017/02),Tentative age of late (but not latest) Maastrichtian ot the Jose Creeek Member based on stratigraphic correlations ,United States,Not provided,Jose Creek Member of the McRae Formation,Sterile frond,Figure 1,Not provided
124,2.58,crown Drynaria,Drynaria callispora,,Drynaria callispora ,crown,Drynaria,Polypodiales,Polypodiaceae,Phylogenetic analyses place it sister to Drynaria mollis,@Su_etal-2011,3.6,2.58,Late Pliocene,,ICS (v2017/02),,China,"Yangjie coalmine, about 10 km north of Yongping County, western Yunnan Province",Sanying Formation ,,"YP01","Herbarium of Kunming Institute of Botany, Chinese Academy of Sciences (KUN)"
125,33.9,stem Drynaria,Protodrynaria takhtajanii,Vikulin et A.Bobr.,Protodrynaria takhtajanii Vikulin et A.Bobr.,stem,Drynaria,Polypodiales,Polypodiaceae,"The assignment to Drynaria is confirmed by the phylogenetic analyses of @Su_etal-2011; ultimately @Su_etal-2011 state that ""our results are in favor of drynarioid affinities for P. takhtajanii"", thus we assign the fossil as stem",@Vikulin_etal-1987,37.8,33.9,Eocene-Oligocene (Priabonian),,ICS (v2017/02),,Russia,"The village Tim, Kursk Province",Not provided,Fertile foliage,"collection 6842 (= 2035), specimen 2",Chernyshev Central Scientific Geological and Prospecting Museum
126,72.1,stem Woodwardia,Woodwardia minor,(Lesquereux) Crabtree,Woodwardia minor (Lesquereux) Crabtree,stem,Woodwardia,Polypodiales,Blechnaceae,,@Crabtree-1987,83.6,72.1,Campanian,,ICS (v2017/02),,United States,"A horizon at sites 27, 37, 40, 41 and 42",Two Medicine Formation,Sterile foliage,"27A/F1/005, 50A/F1/004, 42A/F1/020",University of Montana Paleontological Museum
127,72.1,stem Osmunda,"Osmunda cf. affinis",Crabtree,"Osmunda cf. affinis Crabtree",stem,Osmunda,Osmundales,Osmundaceae,,@Crabtree-1987,83.6,72.1,Campanian,,ICS (v2017/02),,United States,A horizon at site 27,Two Medicine Formation,Sterile foliage,"27A/F2/001",University of Montana Paleontological Museum
128,72.1,stem Dennstaedtia,"Dennstaedtia tenella",(Knowlton) Crabtree,"Dennstaedtia tenella (Knowlton) Crabtree",stem,Dennstaedtia,Polypodiales,Dennstaedtiaceae,"Assigned to Dennstaedtia, but this genus is not monophyletic. A careful re-examination of the fossil in relation to modern representatives is needed.",@Crabtree-1987,83.6,72.1,Campanian,,ICS (v2017/02),,United States,"A horizon at sitea 26, 27, 33, 36, 40, 43, 50 ",Two Medicine Formation,Sterile foliage,"26A/F1/001A, 26A/F3/002, 26A/F3/003, 26A/F3/005",University of Montana Paleontological Museum
129,72.1,crown Thelypteridaceae,Thelypteris goldianum,(Lesquereux) Crabtree,Thelypteris goldianum (Lesquereux) Crabtree,crown,Thelypteridaceae,Polypodiales,Thelypteridaceae,,@Crabtree-1987,83.6,72.1,Campanian,,ICS (v2017/02),,United States,"A horizon at site 42",Two Medicine Formation,"Fertile foliage, sporangia","2A/F5/001",University of Montana Paleontological Museum
130,72.1,crown Gleicheniaceae,Eodicranopteris campanianum,Crabtree,Eodicranopteris campanianum Crabtree,crown,Gleicheniaceae,Gleicheniales,Gleicheniaceae,,@Crabtree-1987,83.6,72.1,Campanian,,ICS (v2017/02),,United States,Howard Palmer collections from uncertain site(s) probably in the A horizon of Oilfield Coulee,Two Medicine Formation,"Fertile foliage, sporangia",HPC/F/002,University of Montana Paleontological Museum
131,407.6,crown Euphyllophytes,Eophyllophyton bellum,Hao,Eophyllophyton bellum Hao,crown,Euphyllophytes,,,,@Hao_Xue-2013b,410.8,407.6,Early Devonian (Pragian),,ICS (v2017/02),,China,Zhichang Village,Posongchong Fm.,"Rhizomes, stems, leaves, sporangia","Plate 4, fig 9 and Plate 6, fig 8 (from Hao & Beck 1993); Plate III, fig 4 and Plate II fig 11 (from HAo 1988)",Not provided
132,410.8,crown Tracheophytes,Cooksonia pertoni,Lang,Cooksonia pertoni Lang,crown,Tracheophytes,,,The specimens have yielded tracheids,@Edwards_etal-1992,419.2,410.8,Lower Devonian (Lochkovian),,ICS (v2017/02),,UK,"Brown Clee Hill, Shropshire ",Lower Old Red Sandstone fluviatile sediments,"Sporangium, spores",DE41,Not provided
133,33.9,stem Osmundaceae,Osmundites_oregonensis,,Osmundites_oregonensis ,stem,Osmundaceae,Osmundales,Osmundaceae,,@Arnold-1945,56,33.9,Eocene-Miocene,,ICS (v2017/02),,United States,"10 miles Post, Oregon",Uncertain,"Stem, leaf bases, and adventitiuos roots",23389,University of Michigan Collection
134,33.9, Incertae sedis,Eorhachis_lomarioides,,Eorhachis_lomarioides ,,Incertae sedis,Incertae sedis,Incertae sedis,"Comparison to Blechnum zamioides. Suggested affinity with the Aslpleniaceae, but the exact relationships of the fossil are dubious",@Arnold-1945,56,33.9,Eocene-Miocene,,ICS (v2017/02),,United States,"Eden Valley Pretrified forests, Wyominng",Green  River Formation,Petioles,23390,University of Michigan Collection
135,330.9,stem Equisetales,Protocalamostachys_arranensis,Walton,Protocalamostachys_arranensis Walton,stem,Equisetales,Equisetales,,Phylogenetic analyses of Elgorriaga_etal-2018 place this fossil as sister to extant Equisetaceae,@Bateman-1991,346.7,330.9,Late Visean,,ICS (v2017/02),,UK,Laggan,Loch Humphrey Burn upper flora,"Strobilus, sporangiophores, sporagia, spores",,British Museum (Natural History)
136,174.1,stem Equisetum subgen. Paramochaete,Equisetum_laterale,Phillips emend. Gould,Equisetum_laterale Phillips emend. Gould,stem,Equisetum subgen. Paramochaete,Equisetales,Equisetaceae,Christenhusz_etal-2021 assigns this fossil to subgen Hippochaete; agreement with Elgorriaga_etal-2018,@Rees_Cleal-2004,201.3,174.1,Lower Jurassic,,ICS (v2017/02),,Antartica,Hope Bay and Botany Bay,Not provided,"Stems, leaf sheaths","D.34.7, D.37.1a, D.37.1c, D.37.2, D.37.7, D.37.9, D.39.6; D.8878, D.8932.3A, D.8935.2, D.8935.5, D.8935.8B, D.8936.3, D.8955.1, D.8965.14A, D.8965.25A, D.8965.32B, D.8974.2, D.8975.1c, D.8975.4B","The Natural History Museum, London"
137,23.03,stem Osmundaceae,Osmundites irregulites,Martin et Rouse,Osmundites irregulites Martin et Rouse,stem,Osmundaceae,Osmundales,Osmundaceae,,@Piel-1971,33.9,23.03,Oligocene,,ICS (v2017/02),,Canada,Alexandria Ferry and Narcosli Creek,Fraser River Fm.,Spores,Figs. 21-23,Not provided
138,23.03,stem Osmunda,Osmunda claytonites,Graham,Osmunda claytonites Graham,stem,Osmunda,Osmundales,Osmundaceae,,@Piel-1971,33.9,23.03,Oligocene,,ICS (v2017/02),,Canada,Alexandria Ferry and Narcosli Creek,Fraser River Fm.,Spores,Figs. 19-20,Not provided
139,23.03,stem Osmunda,Osmunda regalites,Martin et Rouse,Osmunda regalites Martin et Rouse,stem,Osmunda,Osmundales,Osmundaceae,,@Piel-1971,33.9,23.03,Oligocene,,ICS (v2017/02),,Canada,Alexandria Ferry and Narcosli Creek,Fraser River Fm.,Spores,Figs. 24,Not provided
140,129.4,stem Dryopteridaceae,Dryopterites beishanensis,Ren et Sun,Dryopterites beishanensis Ren et Sun,stem,Dryopteridaceae,Polypodiales,Dryopteridaceae,,@Ren_etal-2022,132.9,129.4,Early Cretaceous (Hauterivian-Barremian),,ICS (v2017/02),,China,"Zhongkouzi Basin, Beishan area, Northwest China",Chijinbao Fm.,"Fertile foliage, sporangia, spores",19-k-2-337,"Palaeontology Laboratory of the School of Earth Sciences, Lanzhou University, Lanzhou, China "
